{
  "Plugin Name": "WP Ultimate CSV Importer Pro",
  "version": [
    "7.8.7",
    "7.8.6",
    "7.8.4",
    "7.8.1",
    "7.8",
    "7.7",
    "7.6",
    "7.5",
    "7.3",
    "7.0",
    "6.5",
    "6.4",
    "6.3.4",
    "6.3.3",
    "6.3.2",
    "6.3.1",
    "6.3",
    "6.2",
    "6.1",
    "6.0.5",
    "6.0.4",
    "6.0.3",
    "6.0.2",
    "6.0.1",
    "6.0",
    "5.5",
    "5.4",
    "5.3",
    "5.2",
    "5.1",
    "5.0.3",
    "5.0.2",
    "5.0.1",
    "5.0"
  ],
  "changelogs": {
    "5.0": {
      "0": "Added: Compatibility for WordPress 4.7 and PHP 7.",
      "1": "Added: Option to replace imported CSV file value with static and dynamic value.",
      "2": "Added: Image image import from external URL",
      "3": "Added: Send email to newly imported User with Password Information.",
      "4": "Added: Any Custom Post Type import.",
      "5": "Added: Post Type import with terms & taxonomies with any depth of parent-child hierarchy.",
      "6": "Added: Migration for the following versions 4.0.0, 4.1.0, 4.4.0 and 4.5.",
      "7": "Improved: High speed import with enhanced UI.",
      "8": "Improved: User role import with capability value or role name in CSV."
    },
    "5.0.1": {
      "0": "Fixed: WP Customer Reviews import feature."
    },
    "5.0.2": {
      "0": "Added: Compatibility from PHP 5.3.",
      "1": "Todo Added: For handling the log file whether exists or not."
    },
    "5.0.3": {
      "0": "Added: Support for traditional Chinese characters.",
      "1": "Fixed: Canonical URL support on All in One SEO data import.",
      "2": "Fixed: Author/Editor menu visibility issue.",
      "3": "Fixed: [Assigning categories to post issue](https://wordpress.org/support/topic/ultimate-csv-importer-v5-adds-all-posts-to-uncategorized/)",
      "4": "Fixed: [Import with Chinese character](https://wordpress.org/support/topic/unable-to-import-posts-with-chinese-characters/)",
      "5": "Fixed: [Custom taxonomies are mixed up while assign a single term to the posts](https://wordpress.org/support/topic/version-5-03-issues/)",
      "6": "Fixed: All of a sudden all the custom fields present in the WP installation are added to each single post, even if they are empty;",
      "7": "Fixed: Inline image support. ( Supports all external URL )",
      "8": "Fixed: All of the posts are now being added the following without need, before post content",
      "9": "Removed: Custom capabilities from the roles to access the plugins. ( Administrator, Author, Editor )",
      "10": "Applied: iCheck style to allow author / editor option.",
      "11": "Added: Validation on Enquiry & Newsletter Subscription forms.",
      "12": "Note Added: In Support form.",
      "13": "Modified: Plugin action links instead of plugin row meta.",
      "14": "Removed: Unwanted warnings in migration."
    },
    "5.1": {
      "0": "Improvements: Performance tuneup.",
      "1": "Moved: All helper class files under helpers directory.",
      "2": "Added: WebService for all the available features.",
      "3": "Fixed: PODS fields registration issue using API.",
      "4": "Fixed: Export user fields issue for Toolset types plugin.",
      "5": "Fixed: wp_page_template field import issue on import Pages.",
      "6": "Removed: Warnings in plugin row meta information.",
      "7": "Fixed: Widget not appeared for ACF Repeater fields while using ACF Pro add-on.",
      "8": "Added: Inline image support.",
      "9": "Removed: Unwanted DOCTYPE wrapper while import the inline images for post content.",
      "10": "Removed: Unwanted capabilities on activation.",
      "11": "Removed: Unwanted queries on deactivation.",
      "12": "Fixed: Thumbnail generation issue on import featured images.",
      "13": "Fixed: Featured image support for WooCommerce & MarketPress Variations.",
      "14": "Fixed: Yoast SEO import support for Terms & Taxonomies.",
      "15": "Fixed: Issue on exporting Yoast SEO data for Post types & Taxonomies.",
      "16": "Fixed: External URL support ( If having space in the path ).",
      "17": "Fixed: WooCommerce product type import ( Simple, Grouped, External, Variation, Simple Subscription & Variable Subscription ).",
      "18": "Fixed: WooCommerce product meta information import.",
      "19": "Fixed: post_category and post_tag export issue.",
      "20": "Fixed: Users custom fields not shown in Mapping Section which is created by ACF Pro.",
      "21": "Fixed: Broken when SCRIPT_DEBUG is true. [Solved](https://wordpress.org/support/topic/broken-when-script_debug-is-true/).",
      "22": "Fixed: Warnings in prepare statements (when SCRIPT_DEBUG is true).",
      "23": "Fixed: Issue in File manager, When switching the revisions.",
      "24": "Fixed: Issues in import multiple images & multiple files on ACF Pro Repeater field.",
      "25": "Fixed: ACF free image field & file field import.",
      "26": "Added: Missing font file.",
      "27": "Removed: Unwanted widget fields for WPeCommerce Coupons.",
      "28": "Added: Notice for enable the wp-cron to populate the featured images.",
      "29": "Added: Warning for Exceeded file size csv.",
      "30": "Fixed: Issue on exporting Categories and Tags.",
      "31": "Fixed: Issue while import post type with post ID's.",
      "32": "Added: Restriction for WP dashboard charts to the user who have the role Author & Editor.",
      "33": "Fixed: Export Issue for Events,Event recurring and locations in Events Manager plugin.",
      "34": "Added: Notice for Database Optimization.",
      "35": "Removed: Console warnings on Mapping section."
    },
    "5.2": {
      "0": "Added: Advanced mapping section with easy drag ’n’ drop.",
      "1": "Fixed: WooCommerce Latest version Support(2.6.14).",
      "2": "Fixed: Import & Export ACF Pro repeater fields. ( Tested upto ACF Pro version - 5.5.10 ).",
      "3": "Added: Latest version support on Yoast SEO 4.4",
      "4": "Added: Latest version support on All In One SEO 2.3.12.1",
      "5": "Added: Latest version support on Toolset Types 2.2.8",
      "6": "Added: Latest version support on PODS 2.6.8",
      "7": "Added: Latest version support on WP-Members 3.1.6.3",
      "8": "Added: Latest version support on WPeCommerce 3.12.0",
      "9": "Added: Latest version support on MarketPress Lite 3.2",
      "10": "Added: WPML support for the latest version 3.6.3.",
      "11": "Fixed: Naming issue while registering third party custom fields from mapping section."
    },
    "5.3": {
      "0": "Added: CMB2 & Custom Field Suite plugin support.",
      "1": "Added: Scheduled export.",
      "2": "Added: Duplicate handling in ACF image import.",
      "3": "Added: Post update with slug.",
      "4": "Added: Maintainance mode and rollback option.",
      "5": "Added: WooCommerce latest version support.",
      "6": "Improved: Mapping session maintainance without data loss.",
      "7": "Improved: CSV validation.",
      "8": "Improved: Import serialized data in CSV.",
      "9": "Improved: Previous mapping template search.",
      "10": "Improved: Import Post title with special characters",
      "11": "Improved: Export with delimeters",
      "12": "Fixed: Comment import, duplicate handling, advanced mapping, ACF repeater field and reference tag in content."
    },
    "5.4": {
      "0": "Added: Import, Update and Schedule XML import.",
      "1": "Advanced mapping in XML with Table and Tree view.",
      "2": "Added: New API to import/update with mapping template.",
      "3": "Fixed: Export users created in specific period.",
      "4": "Fixed: Send email on new user import.",
      "5": "Fixed: Events Manager & Customer Review advanced mapping support.",
      "6": "Fixed: Mapping data loss with advanced mapping in CSV Import."
    },
    "5.5": {
      "0": "Added: support for Toolset Pro 3.1.1 & Free 2.3.4",
      "1": "Added: support for ACF plugin version 5.7.7",
      "2": "Added: support for multiple parent relationship import.",
      "3": "Fixed: ACF Repeater custom fields not appearing under the mapping section.",
      "4": "Fixed: ACF Pro Repeater field export.",
      "5": "Fixed: Automatically updating  password on user import."
    },
    "6.0": {
      "0": "Improved:User Interface and Performance",
      "1": "Added: Image import from computer along with the Alt text & description",
      "2": "Added: Schedule Import/Export based on their UTC time zone,admins will be notified on the Import or Export in emails in their local time.",
      "3": "Added: Seperate image import option",
      "4": "Improved:  Better handling of Images from 3rd party plugins",
      "5": "Added: Header Manipulation fields can now hold static text content along with any CSV header content.",
      "6": "Added media report section",
      "7": "Modified: Import log section with progress bar and time ellapsed",
      "8": "Added: Latest woocommerce version 3.6.2 support",
      "9": "Added: Latest CMB2 Plugin support ",
      "10": "Added: WPML support for the latest version 4.2.5",
      "11": "Added: SFTP Schedule export",
      "12": "Added: Export download section with progress bar and time ellapsed",
      "13": "Added: Export support for toolset repeatable field group,multiple relationships,intermediate relationship.",
      "14": "Modified: import log section with progress bar and time ellapsed",
      "15": "Added: support for latest woocommerce(3.6.5) fields",
      "16": "Added: complete import support for CMB2 2.3.0",
      "17": "Added: Displays total number of records to be exported",
      "18": "Schedule Export  based on their UTC time zone. And Admins will be notified on the Import or Export in emails in their local time",
      "19": "Added: SFTP Schedule export",
      "20": "Added export download section with progress bar and time ellapsed",
      "21": "Added:Export support  for latest woocommerce fields",
      "22": "ACF pro group fields export ",
      "23": "Added: WPML export support for post,page,custom posts,woocommerce-product,categories,tags",
      "24": "Added: Export support for toolset repeatable field group,multiple relationships,intermediate relationship.",
      "25": "Fixed: issues in file from server",
      "26": "Added: Progress bar for desktop upload",
      "27": "Added: Separate widget for Nextgen gallery,WPML,Events manager,WooCommerce Orders, Refunds and Coupons",
      "28": "fixed: Drag and Drop Section supports import of static text along with CSV headers.",
      "29": "Added: Separate Media Upload Section for uploading bulk Images."
    },
    "6.0.2": {
      "0": "Completely added RTL Support for Right to Left Languages css",
      "1": "Fixed issue - display acf group and repeater field values to front-end",
      "2": "Fixed: Download log issue with image import",
      "3": "Fixed: Custom post with product category import",
      "4": "Fixed: Bulk image import issue",
      "5": "Fixed: Custom post with product-cat export",
      "6": "Cleared warnings while enabling debug mode",
      "7": "Added: Support for google drive images"
    },
    "6.0.3": {
      "0": "Improved bulk import handling without memory update",
      "1": "Import post_content image without downloaded into media",
      "2": "Added: Post Content editor in drag and drop mode",
      "3": "Added: Support for accepted delimiters(, , \t , | , ; , :)",
      "4": "Fixed xml file handling issues"
    },
    "6.0.4": {
      "0": "Cleared browser cache problem",
      "1": "Fixed: Email validation in support form",
      "2": "Added: Language support for spanish",
      "3": "Fixed: Toolset sort-order webview issue",
      "4": "Fixed: Xml file handling issues"
    },
    "6.0.5": {
      "0": "Added: media upload option in drag and drop section",
      "1": "Fixed: xml import issue with custom-posts",
      "2": "Fixed: woocommerce chained product import issue",
      "3": "Fixed: third party plugin widget & import problem in multisite",
      "4": "Fixed: bulk schedule import",
      "5": "Fixed: product-sku export issue",
      "6": "Fixed: Event categories import from recurring events",
      "7": "Fixed: Custom Category update issue",
      "8": "Fixed: Default custom fields supports with , delimiter"
    },
    "6.1": {
      "0": "Added: Import,update and export support for bbpress.(Forum,Topic,Reply)",
      "1": "Added: Import,update and export support for  LearnPress(Lessons,Quizes,Courses,Orders,Questions)",
      "2": "Added: Export support  for table field and product relationship field in pods",
      "3": "Added: Import & export support for custom post parent & menu_order",
      "4": "Added: Export based on specific category",
      "5": "Added: Existing image import supports with attachment_id",
      "6": "Added: Import and export support for comments reply.",
      "7": "Fixed: Comments import with acf fields",
      "8": "Fixed: Ftp and Url based schedule update",
      "9": "Fixed: Nextgen gallery zip image import issue",
      "10": "Fixed: Toolset all type widget issue",
      "11": "Added: Filename import for pods and acf fields",
      "12": "Fixed: stock_status update issue",
      "13": "Fixed: Bulk xml data import",
      "14": "Modified: Nested category delimiter from -> to >",
      "15": "Fixed: Pods multiple pick list issue",
      "16": "Fixed: repeater field post_object import and export using post_title",
      "17": "Fixed: Added more than one header with xml and drag and drop import",
      "18": "Fixed: Location and ticket export in Events manager",
      "19": "Fixed: Import and export support for ACF relationship fields"
    },
    "6.2": {
      "0": "Added: Export template section",
      "1": "Added: Seperate Media Handling for post content images",
      "2": "Added: Import support for LearnPress-LMS plugin:Courses,Lessons,Quizzes,Orders and Questions",
      "3": "Added: Update based on ACF Pro and Free number and text field",
      "4": "Added: Update based on toolset types number and text field",
      "5": "Added: Menu import and export support",
      "6": "Added: Support for Widgets import and export (Posts,Pages,Comments,Categories and Archives)",
      "7": "Added: Comments import with pods fields",
      "8": "Fixed: CSV headers with whitespace issue",
      "9": "Fixed: Non extension xml url support",
      "10": "Fixed: CMB2 prefix issue",
      "11": "Updated existing user password based on email while import",
      "12": "Fixed: ACF select field import issue"
    },
    "6.3": {
      "0": "Added: Update based on PODS text and number fields (Posts,Pages,Custom Posts,WC-Products)",
      "1": "Added: Support for flexible content (layout) field in ACF Pro plugin.",
      "2": "Added: Update support for the images",
      "3": "Added: Export support for the images",
      "4": "Added: Added Separate widget for image meta fields (ACF,Pods,Tool-set and Product Gallery images).",
      "5": "Fixed: Drag and drop post content with HTML attributes",
      "6": "Added: Support for Widgets import and export (Posts,Pages,Comments,Categories and Archives)",
      "7": "Added: post_title as mandatory field for import",
      "8": "Added: Search option for timezone listing.(In schedule import and export)",
      "9": "Added: Update support for values 0 and blank row "
    },
    "6.3.1": {
      "0": "Added: Language Compatibility for French,Italian,German,Spanish,Japanese,Russian,Dutch,Turkish,English (Canadian),English (British),English (South African)."
    },
    "6.3.2": {
      "0": "Added: Support for Toolset Latest Version"
    },
    "6.3.3": {
      "0": "Added: JetEngine Custom Fields Support - Import,update and export support for posts,pages,custom posts and woocommerce products"
    },
    "6.3.4": {
      "0": "Added: Compatibility for WordPress 5.7.1",
      "1": "Added: Import support for All in One SEO latest version 4.1.0.2"
    },
    "6.4":{
      "0": "Added:support for both comma and pipeline as separators for product image gallery",
      "1": "Fixed:removed random url export  for featured image if its not present",
      "2": "Fixed:post date changes to current date on updating posts",
      "3": "Fixed:wpml translation for same post title",
      "4": "Fixed:header manipulation issue",
      "5": "Added:Add option(enable/disable button) in the settings page to delete the post that are not available in the csv file",
      "6": "Fixed:woo variation export:parentsku, default attributes, custom attributes and attributes details export issue",
      "7": "Fixed:events manager:rsvp date and time field data export/import issue",
      "8": "Fixed:Jet engine Image field type custom fields issue on setitng image type as image url",
      "9": "Fixed:user password not importing in hash format issue",
      "10": "Fixed:import first image from csv column and skip other images in case of multi images provided for featured image import",
      "11": "Fixed:polylang import issue",
      "12": "Added:user update via user_login field",
      "13": "Fixed:jet engine date field issue",
      "14": "Fixed:acf image gallery import support via image name",
      "15": "Fixed:yoast seo facebook, twitter image fields import issue",
      "16": "Added:jet engine relationship import/export support",
      "17": "Changed:featured image text to image url for media images import",
      "18": "Fixed:media images update issue",
      "19": "Fixed:taxonomies, custom post type view log issue",
      "20": "Added:export template delete option",
      "21": "Fixed:custom taxonomy export issue",
      "22": "Removed:unnecessary headers from wocommerce product export",
      "23": "Fixed:woocommerce product variations export issue",
      "24": "Fixed:removed deactivated plugin custom fields from mapping",
      "25": "Added:wpml translation support for pages",
      "26": "Added:pods relationship import/export support for user",
      "27": "Added:separate widget for product attributes",
      "28": "Added:multiple xml records import",
      "29": "Fixed:yoast seo, rankmath fields import issue"
    },
    "6.5":{
      "0": "Added: Import and Export support for WP Job Manager Plugin ",
      "1": "Checked: Compatibility from  WordPress 5.9.3"

    },
    "7.0":{
      "0": "Added: MetaBox AIO complete support",
      "1": "Added: MetaBox Group extension support",
      "2": "Added: JetEngine latest version 3.0.4 - relationship support",
      "3": "Checked: Compatibility from  WordPress 6.0.2",
      "4": "Fixed:Product gallery image SEO fields import issue",
      "5": "Fixed:JetEngine date field timestamp import & export",
      "6": "Fixed:WooCommerce Product Variations Attribute Import issue",
      "7": "Fixed:WooCommerce product wpml import issue and headers with new lines import issue for drag and drop mode",
      "8": "Fixed:An issue occurred while importing and exporting JetEngine CCT",
      "9": "Fixed:WooCommerce variations update issue via variation sku, variation id, and product category update issue",
      "10": "Fixed:WooCommerce variations update issue if parent sku is not mapped",
      "11": "Fixed:ACF taxonomy field multiple values import issue",
      "12": "Fixed:JetEngine builtin custom fields import issue",
      "13": "Fixed:JetEngine date, datetime, and posts field import issue",
      "14": "Fixed:Bugs in JetEngine CCT Repeater are fixed",
      "15": "Fixed:Fixed bug in JetEngine metabox repeater field importing",
      "16": "Fixed:ACF Repeater import and export issues",
      "17": "Fixed:Issues with LearnPress data export are fixed",
      "18": "Fixed:JetEngine with user meta conflicts",
      "19": "Fixed:Localhost mail sending issue",
      "20": "Fixed:Pods custom taxonomy value export issue",
      "21": "Fixed:Nested Category export and import",
      "22": "Added: In the support form page of the plugin, added the Order id field and removed validation for the email field.",
      "23": "Added: Vulnerability fixes",
      "24": "Added: Alert message for php-zip extension missing",
      "25": "Added: Error handling for 500,504,503 cases",
      "26": "Fixed:Resolved issues with JetEngine media field import",
      "27": "Fixed:Issues in selecting header manipulation from mapping",
      "28": "Fixed:Custom Post update based on ACF field",
      "29": "Fixed:Image SEO fields import issue"
      },
      "7.3":{
        "0": "Added: CLI import,update support for all modules and thirdparty fields",
        "1": "Added: Ploylang PRO support",
        "2": "Added: Polylang for WooCommerce",
        "3": "Checked: Compatibility from  WordPress 6.1.1",
        "4": "Fixed: CMB2 widget issue",
        "5": "Fixed: Date issue under clonable group with clonable field was fixed",
        "6": "Added: duplicate handling option in Import method",
        "7": "Fixed: PHP 8.1 - parse error",
        "8": "Fixed: Woocommerce downloadable & virtual values are not exported while export the woocommerce products.",
        "9": "Fixed: Jet relation widget was mixed in mapping section while import the jet relation fields under post section.",
        "10": "Fixed: Yoast schema page type & article export.",
        "11": "Fixed: fatal error - php 8.1 - array_key_exists error",
        "12": "Fixed: Event widget was not appeared in mapping section.",
        "13": "Fixed: Toolset one to one relationship under post section",
        "14": "Fixed: Learnpress curriculum data import issue.",
        "15": "Fixed: Warning errors are fixed under all in seo,metabox,wpml,polylang,rankmath modules.",
        "16": "Fixed: Warning errors in customer review module was fixed.",
        "17": "Fixed: Member plugin user export js conflict.",
        "18": "Fixed: Learnpress requirements,key_features & target audience headers issue was fixed under export side."
        },
        "7.5":{
        "0": "Fixed: PHP 7.4 Warnings, notices and dreprecated issues",
        "1": "Added: Support for FIFU (Featured Image From Url) import and export",
        "2": "Added: Support for MasterStudy LMS plugin:Courses,Lessons,Quizzes,Questions,Orders",
        "3": "Checked: 6.2 version compatibility",
        "4": "Fixed: Minor bugs",
        "5": "Fixed: Missing language translations",
        "6": "Fixed: XML Zip file upload",
        "7": "Added: SEOPress import and export support",
        "8": "Fixed: Rankmath array issues",  
        "9": "Fixed: Metabox image_advanced field issue",
        "10": "Fixed: schedule export frequency issue"
        },
        "7.6":{
          "0": "Added: Security fix - Import options for advanced manipulation are restricted for all user roles except administrators",
          "1": "Added: Restriction added to export folder indexing",
          "2": "Fixed: WooCommerce bundle order",
          "3": "Fixed: FTP txt file import issue and yoastseo export",
          "4": "Fixed: WC Custom attribue export",
          "5": "Fixed: YoastSEO focuskeyword import",
          "6": "Fixed: Image filename and caption export",
          "7": "Fixed: ACF taxonomy export and Post tag 500 error ",
          "8": "Added: WC Billing & Shipping Fields export under Orders"
        },
        "7.7":{
          "0": "Added: Bulk Import & Export Support for Elementor Templates",
          "1": "Added: Support for ACF Bidirectional Relationship Import (User,Post Object,Relationship,Taxonomy)",
          "2": "Added: Import & Export support for LifterLMS",
          "3": "Added: WPComplete support added for Post,Pages,CPT & WooCommerce",
          "4": "Added: Compatibility for WordPress 6.4.1",
          "5": "Fixed: YoastSEO focuskeyword bug",
          "6": "Added: CFS Loop Import",
          "7": "Added: Exmage image import support",
          "8": "Fixed : Minor bugs in metabox checkbox list",
          "9": "Fixed: Duplicate issue with post_title have & symbol",
          "10": "Added: index.php for import folder and restrict permission",
          "11": "Fixed: Polylang issues",
          "12": "Fixed: Jetengine date (timestamp) export issue and 500 error issue fix",
          "13": "Fixed: Taxonomy import issue conflict with wpml import plugin"
        },
        "7.8":{
          "0": "Added: ChatGPT integration for content and featured image",
          "1": "Fixed: Rankmath 500 issue",
          "2": "Added: Support fixes"
        },
        "7.8.1":{
          "0": "Resolved: post_title mandatory bug in advanced mode",
          "1": "Fixed: CSS conflicts with All-in-one-SEO plugin"
        },
        "7.8.4":{
          "0": "Added: Polylang import and export support for media,woocommerce variation, woocommerce order",
          "1": "Added: Change Woocommerce data export via api method",
          "2": "Fixed: Yoast SEO title export and import issue",
          "3": "Fixed: Subcategory import issue",
          "4": "Fixed: Post_date issue"

        },
        "7.8.6":{
          "0": "Fixed: Pods multiple gallery image not exported issue", 
          "1": "Fixed: pods image export issue",
          "2": "Fixed: Php Deprecated error(polyvalues=null)",
          "3": "Fixed: Post Date Issues in some woocommerce Product ",
          "4": "Fixed: custom post type 'product' total count not display issue",
          "5": "Fixed: wordpress functions not working in schedule export",
          "6": "Fixed: woocommerce product,order,variation count issue and Polylang translated post_title assign issue",
          "7": "Fixed: Total count issue  in woocommerce products",
          "8": "Fixed: Php Warning Errors Fix",
          "9": "Ampersand update issue fixed",
          "10": "Added php eval and math library for math function",
          "11": "Fixed: Acf fields in Snippets CPT Export ,ACF gallery import issue",
          "12": "Fixed: FIFU in Custom Post Type",
          "13": "Fixed: Import Stuck Issue", 
          "14": "Fixed Import as Lower and upper case issue in attributes",
          "15": "Added: Support for update based on metabox fields",
          "16": "Fixed: subscribe email issue",
          "17": "Fixed: Acf group mapping template issue"
        },
        "7.8.7":{
          "0": "Fixed: Import stuck issue", 
          "1": "Fixed: Metabox taxonomy field import issue",
          "2": "Fixed: Export term parent Id issue",
          "3": "Fixed: ACF free group field import issue ",
          "4": "Fixed: Metabox advanced image url export issue ",
          "5": "Fixed: Jetengine relationship title export wrong value issue",
          "6": "Fixed: Jetengine repeater media field import issue",
          "7": "Fixed: Woocommerce product export data count issue ",
          "8": "Fixed: Woocommerce variation Count issue",
          "9": "Fixed: Update product title have apostrophe symbol issue",
          "10": "Fixed: Metabox update based on number field or text field issue",
          "11": "Fixed: Woocommerce attribute value export issue",
          "12": "Fixed: Xml import Nan error issue fixed",
          "13": "Fixed: Acf repeater inside Repeater export and import issue", 
          "14": "Fixed: Jetengine cct post field import issue",
          "15": "Added: Woocommerce attribute value export issue",
          "16": "Fixed: jetcct savetemplate 500 error issue",
          "17": "Fixed: jetengine postname 'event' issue",
          "18": "Removed: flush_rewrite_rule function",
          "19": "Fixed: Schedule end date null issue",
          "20": "Fixed: lifter lms issue",
          "21": "Fixed: woocommerce bundle product export 500 error issue",
          "22": "Fixed: category hierarchical import issue",
          "23": "Fixed: Rollback issue",
          "24": "Fixed: Google drive file upload issue",
          "25": "Fixed: Wordpress Custom field export issue",
          "26": "Fixed: Woocommerce order import issue",
          "27": "Fixed: Create wordpress customfield label name issue",
          "28": "Fixed: Jetengine taxonomy to taxonomy relationship import and export issue",
          "29": "Fixed: Delete row properly not working issue",
          "30": "Fixed: Order status import issue",
          "31": "Fixed: Woocommerce group product export 500 error issue",
          "32": "Fixed: woocommerce product managestock,quantity 0 import issue" 
        }

  }
}
